op,shape_tag,M,N,K,baseline,priority,source,latency_us,latency_min_us,tflops,status,reason,retryable,allclose,max_abs_diff,mean_abs_diff,rtol,atol,correctness_status,correctness_reason,memory_bytes_required,memory_bytes_budget,memory_ratio,memory_policy
mul,micro-tiny,32,64,0,cuBLAS/cuDNN,0,NVIDIA cuBLAS/cuDNN via PyTorch 2.6.0+cu124 (CUDA 12.4) | https://pytorch.org | License: NVIDIA EULA (proprietary),88.4,95.2,,ok,,false,true,0,0,0.001,0.001,ok,,,,,
mul,micro-tiny,32,64,0,PyTorch-eager,3,PyTorch 2.6.0+cu124 eager mode (default dispatch) | https://pytorch.org | License: BSD-3-Clause,89.2,70.7,,ok,,false,true,0,0,0.001,0.001,ok,,,,,
mul,micro-tiny,32,64,0,Arke,5,Arke 0.1.0 (SemanticInterpreter; Triton codegen is S7 scope) | https://github.com/arke-ai/arke | License: Apache-2.0,102.3,64.5,,ok,,false,true,0,0,0.001,0.001,ok,,,,,
mul,micro-small,128,256,0,cuBLAS/cuDNN,0,NVIDIA cuBLAS/cuDNN via PyTorch 2.6.0+cu124 (CUDA 12.4) | https://pytorch.org | License: NVIDIA EULA (proprietary),94.2,110.6,,ok,,false,true,0,0,0.001,0.001,ok,,,,,
mul,micro-small,128,256,0,PyTorch-eager,3,PyTorch 2.6.0+cu124 eager mode (default dispatch) | https://pytorch.org | License: BSD-3-Clause,95.3,10.2,,ok,,false,true,0,0,0.001,0.001,ok,,,,,
mul,micro-small,128,256,0,Arke,5,Arke 0.1.0 (SemanticInterpreter; Triton codegen is S7 scope) | https://github.com/arke-ai/arke | License: Apache-2.0,88.6,103.4,,ok,,false,true,0,0,0.001,0.001,ok,,,,,
mul,gpt2-hidden,128,768,0,cuBLAS/cuDNN,0,NVIDIA cuBLAS/cuDNN via PyTorch 2.6.0+cu124 (CUDA 12.4) | https://pytorch.org | License: NVIDIA EULA (proprietary),91.6,113.7,,ok,,false,true,0,0,0.001,0.001,ok,,,,,
mul,gpt2-hidden,128,768,0,PyTorch-eager,3,PyTorch 2.6.0+cu124 eager mode (default dispatch) | https://pytorch.org | License: BSD-3-Clause,85.1,66.6,,ok,,false,true,0,0,0.001,0.001,ok,,,,,
mul,gpt2-hidden,128,768,0,Arke,5,Arke 0.1.0 (SemanticInterpreter; Triton codegen is S7 scope) | https://github.com/arke-ai/arke | License: Apache-2.0,88.6,97.3,,ok,,false,true,0,0,0.001,0.001,ok,,,,,
mul,gpt2-ffn,128,3072,0,cuBLAS/cuDNN,0,NVIDIA cuBLAS/cuDNN via PyTorch 2.6.0+cu124 (CUDA 12.4) | https://pytorch.org | License: NVIDIA EULA (proprietary),81.4,97.3,,ok,,false,true,0,0,0.001,0.001,ok,,,,,
mul,gpt2-ffn,128,3072,0,PyTorch-eager,3,PyTorch 2.6.0+cu124 eager mode (default dispatch) | https://pytorch.org | License: BSD-3-Clause,99.2,103.4,,ok,,false,true,0,0,0.001,0.001,ok,,,,,
mul,gpt2-ffn,128,3072,0,Arke,5,Arke 0.1.0 (SemanticInterpreter; Triton codegen is S7 scope) | https://github.com/arke-ai/arke | License: Apache-2.0,96.5,73.7,,ok,,false,true,0,0,0.001,0.001,ok,,,,,
mul,square-1k,1024,1024,0,cuBLAS/cuDNN,0,NVIDIA cuBLAS/cuDNN via PyTorch 2.6.0+cu124 (CUDA 12.4) | https://pytorch.org | License: NVIDIA EULA (proprietary),97.0,49.2,,ok,,false,true,0,0,0.001,0.001,ok,,,,,
mul,square-1k,1024,1024,0,PyTorch-eager,3,PyTorch 2.6.0+cu124 eager mode (default dispatch) | https://pytorch.org | License: BSD-3-Clause,99.8,92.2,,ok,,false,true,0,0,0.001,0.001,ok,,,,,
mul,square-1k,1024,1024,0,Arke,5,Arke 0.1.0 (SemanticInterpreter; Triton codegen is S7 scope) | https://github.com/arke-ai/arke | License: Apache-2.0,99.4,110.6,,ok,,false,true,0,0,0.001,0.001,ok,,,,,
mul,llama-ffn,512,11008,0,cuBLAS/cuDNN,0,NVIDIA cuBLAS/cuDNN via PyTorch 2.6.0+cu124 (CUDA 12.4) | https://pytorch.org | License: NVIDIA EULA (proprietary),138.9,147.5,,ok,,false,true,0,0,0.001,0.001,ok,,,,,
mul,llama-ffn,512,11008,0,PyTorch-eager,3,PyTorch 2.6.0+cu124 eager mode (default dispatch) | https://pytorch.org | License: BSD-3-Clause,117.4,114.7,,ok,,false,true,0,0,0.001,0.001,ok,,,,,
mul,llama-ffn,512,11008,0,Arke,5,Arke 0.1.0 (SemanticInterpreter; Triton codegen is S7 scope) | https://github.com/arke-ai/arke | License: Apache-2.0,113.5,161.7,,ok,,false,true,0,0,0.001,0.001,ok,,,,,
mul,llama-hidden,512,4096,0,cuBLAS/cuDNN,0,NVIDIA cuBLAS/cuDNN via PyTorch 2.6.0+cu124 (CUDA 12.4) | https://pytorch.org | License: NVIDIA EULA (proprietary),83.5,118.8,,ok,,false,true,0,0,0.001,0.001,ok,,,,,
mul,llama-hidden,512,4096,0,PyTorch-eager,3,PyTorch 2.6.0+cu124 eager mode (default dispatch) | https://pytorch.org | License: BSD-3-Clause,93.1,121.9,,ok,,false,true,0,0,0.001,0.001,ok,,,,,
mul,llama-hidden,512,4096,0,Arke,5,Arke 0.1.0 (SemanticInterpreter; Triton codegen is S7 scope) | https://github.com/arke-ai/arke | License: Apache-2.0,98.0,127.0,,ok,,false,true,0,0,0.001,0.001,ok,,,,,
mul,llama-long,4096,4096,0,cuBLAS/cuDNN,0,NVIDIA cuBLAS/cuDNN via PyTorch 2.6.0+cu124 (CUDA 12.4) | https://pytorch.org | License: NVIDIA EULA (proprietary),379.3,382.0,,ok,,false,true,0,0,0.001,0.001,ok,,,,,
mul,llama-long,4096,4096,0,PyTorch-eager,3,PyTorch 2.6.0+cu124 eager mode (default dispatch) | https://pytorch.org | License: BSD-3-Clause,394.5,355.3,,ok,,false,true,0,0,0.001,0.001,ok,,,,,
mul,llama-long,4096,4096,0,Arke,5,Arke 0.1.0 (SemanticInterpreter; Triton codegen is S7 scope) | https://github.com/arke-ai/arke | License: Apache-2.0,350.8,357.4,,ok,,false,true,0,0,0.001,0.001,ok,,,,,
mul,ds-ffn,512,12288,0,cuBLAS/cuDNN,0,NVIDIA cuBLAS/cuDNN via PyTorch 2.6.0+cu124 (CUDA 12.4) | https://pytorch.org | License: NVIDIA EULA (proprietary),128.3,155.6,,ok,,false,true,0,0,0.001,0.001,ok,,,,,
mul,ds-ffn,512,12288,0,PyTorch-eager,3,PyTorch 2.6.0+cu124 eager mode (default dispatch) | https://pytorch.org | License: BSD-3-Clause,135.0,181.2,,ok,,false,true,0,0,0.001,0.001,ok,,,,,
mul,ds-ffn,512,12288,0,Arke,5,Arke 0.1.0 (SemanticInterpreter; Triton codegen is S7 scope) | https://github.com/arke-ai/arke | License: Apache-2.0,133.0,208.9,,ok,,false,true,0,0,0.001,0.001,ok,,,,,
mul,ds-ffn-large,512,18432,0,cuBLAS/cuDNN,0,NVIDIA cuBLAS/cuDNN via PyTorch 2.6.0+cu124 (CUDA 12.4) | https://pytorch.org | License: NVIDIA EULA (proprietary),200.6,202.8,,ok,,false,true,0,0,0.001,0.001,ok,,,,,
mul,ds-ffn-large,512,18432,0,PyTorch-eager,3,PyTorch 2.6.0+cu124 eager mode (default dispatch) | https://pytorch.org | License: BSD-3-Clause,185.9,187.4,,ok,,false,true,0,0,0.001,0.001,ok,,,,,
mul,ds-ffn-large,512,18432,0,Arke,5,Arke 0.1.0 (SemanticInterpreter; Triton codegen is S7 scope) | https://github.com/arke-ai/arke | License: Apache-2.0,184.9,209.9,,ok,,false,true,0,0,0.001,0.001,ok,,,,,
mul,qwen-ffn,512,18944,0,cuBLAS/cuDNN,0,NVIDIA cuBLAS/cuDNN via PyTorch 2.6.0+cu124 (CUDA 12.4) | https://pytorch.org | License: NVIDIA EULA (proprietary),189.8,193.3,,ok,,false,true,0,0,0.001,0.001,ok,,,,,
mul,qwen-ffn,512,18944,0,PyTorch-eager,3,PyTorch 2.6.0+cu124 eager mode (default dispatch) | https://pytorch.org | License: BSD-3-Clause,189.2,199.7,,ok,,false,true,0,0,0.001,0.001,ok,,,,,
mul,qwen-ffn,512,18944,0,Arke,5,Arke 0.1.0 (SemanticInterpreter; Triton codegen is S7 scope) | https://github.com/arke-ai/arke | License: Apache-2.0,189.6,192.5,,ok,,false,true,0,0,0.001,0.001,ok,,,,,
mul,xlarge,8192,4096,0,cuBLAS/cuDNN,0,NVIDIA cuBLAS/cuDNN via PyTorch 2.6.0+cu124 (CUDA 12.4) | https://pytorch.org | License: NVIDIA EULA (proprietary),638.2,642.0,,ok,,false,true,0,0,0.001,0.001,ok,,,,,
mul,xlarge,8192,4096,0,PyTorch-eager,3,PyTorch 2.6.0+cu124 eager mode (default dispatch) | https://pytorch.org | License: BSD-3-Clause,638.2,638.9,,ok,,false,true,0,0,0.001,0.001,ok,,,,,
mul,xlarge,8192,4096,0,Arke,5,Arke 0.1.0 (SemanticInterpreter; Triton codegen is S7 scope) | https://github.com/arke-ai/arke | License: Apache-2.0,637.2,638.0,,ok,,false,true,0,0,0.001,0.001,ok,,,,,
mul,micro-tiny,32,64,0,FlagGems,1,FlagGems 5.0.0 (BAAI/FlagOS) | https://github.com/flagos-ai/FlagGems | License: Apache-2.0,114.0,104.4,,ok,,false,true,0,0,0.001,0.001,ok,,,,,
mul,micro-small,128,256,0,FlagGems,1,FlagGems 5.0.0 (BAAI/FlagOS) | https://github.com/flagos-ai/FlagGems | License: Apache-2.0,99.8,109.7,,ok,,false,true,0,0,0.001,0.001,ok,,,,,
mul,gpt2-hidden,128,768,0,FlagGems,1,FlagGems 5.0.0 (BAAI/FlagOS) | https://github.com/flagos-ai/FlagGems | License: Apache-2.0,89.9,104.5,,ok,,false,true,0,0,0.001,0.001,ok,,,,,
mul,gpt2-ffn,128,3072,0,FlagGems,1,FlagGems 5.0.0 (BAAI/FlagOS) | https://github.com/flagos-ai/FlagGems | License: Apache-2.0,122.3,78.8,,ok,,false,true,0,0,0.001,0.001,ok,,,,,
mul,square-1k,1024,1024,0,FlagGems,1,FlagGems 5.0.0 (BAAI/FlagOS) | https://github.com/flagos-ai/FlagGems | License: Apache-2.0,84.5,78.8,,ok,,false,true,0,0,0.001,0.001,ok,,,,,
mul,llama-ffn,512,11008,0,FlagGems,1,FlagGems 5.0.0 (BAAI/FlagOS) | https://github.com/flagos-ai/FlagGems | License: Apache-2.0,114.6,177.2,,ok,,false,true,0,0,0.001,0.001,ok,,,,,
mul,llama-hidden,512,4096,0,FlagGems,1,FlagGems 5.0.0 (BAAI/FlagOS) | https://github.com/flagos-ai/FlagGems | License: Apache-2.0,101.0,118.8,,ok,,false,true,0,0,0.001,0.001,ok,,,,,
mul,llama-long,4096,4096,0,FlagGems,1,FlagGems 5.0.0 (BAAI/FlagOS) | https://github.com/flagos-ai/FlagGems | License: Apache-2.0,323.5,322.6,,ok,,false,true,0,0,0.001,0.001,ok,,,,,
mul,ds-ffn,512,12288,0,FlagGems,1,FlagGems 5.0.0 (BAAI/FlagOS) | https://github.com/flagos-ai/FlagGems | License: Apache-2.0,125.7,190.5,,ok,,false,true,0,0,0.001,0.001,ok,,,,,
mul,ds-ffn-large,512,18432,0,FlagGems,1,FlagGems 5.0.0 (BAAI/FlagOS) | https://github.com/flagos-ai/FlagGems | License: Apache-2.0,183.8,200.7,,ok,,false,true,0,0,0.001,0.001,ok,,,,,
mul,qwen-ffn,512,18944,0,FlagGems,1,FlagGems 5.0.0 (BAAI/FlagOS) | https://github.com/flagos-ai/FlagGems | License: Apache-2.0,189.2,191.5,,ok,,false,true,0,0,0.001,0.001,ok,,,,,
mul,xlarge,8192,4096,0,FlagGems,1,FlagGems 5.0.0 (BAAI/FlagOS) | https://github.com/flagos-ai/FlagGems | License: Apache-2.0,637.3,634.9,,ok,,false,true,0,0,0.001,0.001,ok,,,,,
