op,shape_tag,M,N,K,baseline,priority,source,latency_us,latency_min_us,tflops
rmsnorm_residual,gpt2-small,128,768,0,PyTorch-eager,3,PyTorch 2.6.0+cu124 eager mode (default dispatch) | https://pytorch.org | License: BSD-3-Clause,734.3,666.6,
rmsnorm_residual,gpt2-ffn,128,3072,0,PyTorch-eager,3,PyTorch 2.6.0+cu124 eager mode (default dispatch) | https://pytorch.org | License: BSD-3-Clause,722.9,704.5,
rmsnorm_residual,gpt2-medium,128,1024,0,PyTorch-eager,3,PyTorch 2.6.0+cu124 eager mode (default dispatch) | https://pytorch.org | License: BSD-3-Clause,735.2,593.9,
rmsnorm_residual,llama-7b,128,4096,0,PyTorch-eager,3,PyTorch 2.6.0+cu124 eager mode (default dispatch) | https://pytorch.org | License: BSD-3-Clause,735.6,631.8,
rmsnorm_residual,llama-13b,128,5120,0,PyTorch-eager,3,PyTorch 2.6.0+cu124 eager mode (default dispatch) | https://pytorch.org | License: BSD-3-Clause,722.4,661.5,
rmsnorm_residual,llama-long,2048,4096,0,PyTorch-eager,3,PyTorch 2.6.0+cu124 eager mode (default dispatch) | https://pytorch.org | License: BSD-3-Clause,974.9,924.7,
rmsnorm_residual,ds-v2,128,5120,0,PyTorch-eager,3,PyTorch 2.6.0+cu124 eager mode (default dispatch) | https://pytorch.org | License: BSD-3-Clause,730.7,676.7,
rmsnorm_residual,ds-v3,128,7168,0,PyTorch-eager,3,PyTorch 2.6.0+cu124 eager mode (default dispatch) | https://pytorch.org | License: BSD-3-Clause,741.9,678.9,
rmsnorm_residual,mixtral-ffn,128,14336,0,PyTorch-eager,3,PyTorch 2.6.0+cu124 eager mode (default dispatch) | https://pytorch.org | License: BSD-3-Clause,733.9,677.9,
