op,shape_tag,M,N,K,approach,source,latency_us,latency_min_us,tflops,status,reason,retryable,allclose,max_abs_diff,mean_abs_diff,rtol,atol,correctness_status,correctness_reason,memory_bytes_required,memory_bytes_budget,memory_ratio,memory_policy
matmul_relu,tiny,128,128,128,separate,PyTorch 2.6.0+cu124 separate ops (matmul + relu) | https://pytorch.org | License: BSD-3-Clause,37.4,12.3,0.112,ok,,false,true,0,0,0.01,0.01,ok,,98304,3542771302,0.0000,dense_matmul
matmul_relu,tiny,128,128,128,torch.compile,torch.compile (Inductor) auto-fusion via PyTorch 2.6.0+cu124 | https://pytorch.org | License: BSD-3-Clause,115.8,38.9,0.036,ok,,false,true,0,0,0.01,0.01,ok,,98304,3542771302,0.0000,dense_matmul
matmul_relu,square-1k,1024,1024,1024,separate,PyTorch 2.6.0+cu124 separate ops (matmul + relu) | https://pytorch.org | License: BSD-3-Clause,350.8,343.0,6.122,ok,,false,true,0,0,0.01,0.01,ok,,6291456,3542771302,0.0018,dense_matmul
matmul_relu,square-1k,1024,1024,1024,torch.compile,torch.compile (Inductor) auto-fusion via PyTorch 2.6.0+cu124 | https://pytorch.org | License: BSD-3-Clause,405.0,395.3,5.303,ok,,false,true,0,0,0.01,0.01,ok,,6291456,3542771302,0.0018,dense_matmul
matmul_relu,square-2k,2048,2048,2048,separate,PyTorch 2.6.0+cu124 separate ops (matmul + relu) | https://pytorch.org | License: BSD-3-Clause,1158.0,984.0,14.835,ok,,false,true,0,0,0.01,0.01,ok,,25165824,3542771302,0.0071,dense_matmul
matmul_relu,square-2k,2048,2048,2048,torch.compile,torch.compile (Inductor) auto-fusion via PyTorch 2.6.0+cu124 | https://pytorch.org | License: BSD-3-Clause,1278.2,1088.5,13.440,ok,,false,true,0,0,0.01,0.01,ok,,25165824,3542771302,0.0071,dense_matmul
matmul_relu,square-4k,4096,4096,4096,separate,PyTorch 2.6.0+cu124 separate ops (matmul + relu) | https://pytorch.org | License: BSD-3-Clause,6358.8,6104.1,21.614,ok,,false,true,0,0,0.01,0.01,ok,,100663296,3542771302,0.0284,dense_matmul
matmul_relu,square-4k,4096,4096,4096,torch.compile,torch.compile (Inductor) auto-fusion via PyTorch 2.6.0+cu124 | https://pytorch.org | License: BSD-3-Clause,6885.2,6762.5,19.961,ok,,false,true,0,0,0.01,0.01,ok,,100663296,3542771302,0.0284,dense_matmul
matmul_relu,rect-wide,1024,4096,1024,separate,PyTorch 2.6.0+cu124 separate ops (matmul + relu) | https://pytorch.org | License: BSD-3-Clause,502.5,496.6,17.096,ok,,false,true,0,0,0.01,0.01,ok,,18874368,3542771302,0.0053,dense_matmul
matmul_relu,rect-wide,1024,4096,1024,torch.compile,torch.compile (Inductor) auto-fusion via PyTorch 2.6.0+cu124 | https://pytorch.org | License: BSD-3-Clause,871.2,768.0,9.860,ok,,false,true,0,0,0.01,0.01,ok,,18874368,3542771302,0.0053,dense_matmul
matmul_relu,rect-tall,4096,1024,1024,separate,PyTorch 2.6.0+cu124 separate ops (matmul + relu) | https://pytorch.org | License: BSD-3-Clause,733.3,636.9,11.714,ok,,false,true,0,0,0.01,0.01,ok,,18874368,3542771302,0.0053,dense_matmul
matmul_relu,rect-tall,4096,1024,1024,torch.compile,torch.compile (Inductor) auto-fusion via PyTorch 2.6.0+cu124 | https://pytorch.org | License: BSD-3-Clause,819.5,755.7,10.482,ok,,false,true,0,0,0.01,0.01,ok,,18874368,3542771302,0.0053,dense_matmul
matmul_relu,llama-q,4096,4096,4096,separate,PyTorch 2.6.0+cu124 separate ops (matmul + relu) | https://pytorch.org | License: BSD-3-Clause,6395.8,6196.2,21.489,ok,,false,true,0,0,0.01,0.01,ok,,100663296,3542771302,0.0284,dense_matmul
matmul_relu,llama-q,4096,4096,4096,torch.compile,torch.compile (Inductor) auto-fusion via PyTorch 2.6.0+cu124 | https://pytorch.org | License: BSD-3-Clause,6891.1,6762.5,19.944,ok,,false,true,0,0,0.01,0.01,ok,,100663296,3542771302,0.0284,dense_matmul
matmul_relu,llama-ffn,4096,11008,4096,separate,PyTorch 2.6.0+cu124 separate ops (matmul + relu) | https://pytorch.org | License: BSD-3-Clause,16777.8,16525.3,22.015,ok,,false,true,0,0,0.01,0.01,ok,,213909504,3542771302,0.0604,dense_matmul
matmul_relu,llama-ffn,4096,11008,4096,torch.compile,torch.compile (Inductor) auto-fusion via PyTorch 2.6.0+cu124 | https://pytorch.org | License: BSD-3-Clause,17678.6,17372.2,20.893,ok,,false,true,0,0,0.01,0.01,ok,,213909504,3542771302,0.0604,dense_matmul
matmul_relu,seq512,512,2304,768,separate,PyTorch 2.6.0+cu124 separate ops (matmul + relu) | https://pytorch.org | License: BSD-3-Clause,119.7,121.7,15.140,ok,,false,true,0,0,0.01,0.01,ok,,6684672,3542771302,0.0019,dense_matmul
matmul_relu,seq512,512,2304,768,torch.compile,torch.compile (Inductor) auto-fusion via PyTorch 2.6.0+cu124 | https://pytorch.org | License: BSD-3-Clause,265.8,323.6,6.818,ok,,false,true,0,0,0.01,0.01,ok,,6684672,3542771302,0.0019,dense_matmul
matmul_relu,non-align-1,127,513,1000,separate,PyTorch 2.6.0+cu124 separate ops (matmul + relu) | https://pytorch.org | License: BSD-3-Clause,55.2,58.4,2.361,ok,,false,true,0,0,0.01,0.01,ok,,1410302,3542771302,0.0004,dense_matmul
matmul_relu,non-align-1,127,513,1000,torch.compile,torch.compile (Inductor) auto-fusion via PyTorch 2.6.0+cu124 | https://pytorch.org | License: BSD-3-Clause,192.0,181.2,0.679,ok,,false,true,0,0,0.01,0.01,ok,,1410302,3542771302,0.0004,dense_matmul
matmul_relu,non-align-2,333,777,555,separate,PyTorch 2.6.0+cu124 separate ops (matmul + relu) | https://pytorch.org | License: BSD-3-Clause,86.9,87.0,3.305,ok,,false,true,0,0,0.01,0.01,ok,,1749582,3542771302,0.0005,dense_matmul
matmul_relu,non-align-2,333,777,555,torch.compile,torch.compile (Inductor) auto-fusion via PyTorch 2.6.0+cu124 | https://pytorch.org | License: BSD-3-Clause,219.7,148.5,1.307,ok,,false,true,0,0,0.01,0.01,ok,,1749582,3542771302,0.0005,dense_matmul
matmul_relu,non-align-3,1023,1025,1024,separate,PyTorch 2.6.0+cu124 separate ops (matmul + relu) | https://pytorch.org | License: BSD-3-Clause,355.3,329.7,6.044,ok,,false,true,0,0,0.01,0.01,ok,,6291454,3542771302,0.0018,dense_matmul
matmul_relu,non-align-3,1023,1025,1024,torch.compile,torch.compile (Inductor) auto-fusion via PyTorch 2.6.0+cu124 | https://pytorch.org | License: BSD-3-Clause,391.7,398.3,5.483,ok,,false,true,0,0,0.01,0.01,ok,,6291454,3542771302,0.0018,dense_matmul
matmul_relu,non-align-4,1000,1000,1000,separate,PyTorch 2.6.0+cu124 separate ops (matmul + relu) | https://pytorch.org | License: BSD-3-Clause,327.2,307.2,6.113,ok,,false,true,0,0,0.01,0.01,ok,,6000000,3542771302,0.0017,dense_matmul
matmul_relu,non-align-4,1000,1000,1000,torch.compile,torch.compile (Inductor) auto-fusion via PyTorch 2.6.0+cu124 | https://pytorch.org | License: BSD-3-Clause,390.0,383.0,5.128,ok,,false,true,0,0,0.01,0.01,ok,,6000000,3542771302,0.0017,dense_matmul
matmul_relu,non-align-5,384,640,1536,separate,PyTorch 2.6.0+cu124 separate ops (matmul + relu) | https://pytorch.org | License: BSD-3-Clause,99.8,104.4,7.561,ok,,false,true,0,0,0.01,0.01,ok,,3637248,3542771302,0.0010,dense_matmul
matmul_relu,non-align-5,384,640,1536,torch.compile,torch.compile (Inductor) auto-fusion via PyTorch 2.6.0+cu124 | https://pytorch.org | License: BSD-3-Clause,170.5,224.2,4.427,ok,,false,true,0,0,0.01,0.01,ok,,3637248,3542771302,0.0010,dense_matmul
matmul_relu,non-align-6,2049,2047,2050,separate,PyTorch 2.6.0+cu124 separate ops (matmul + relu) | https://pytorch.org | License: BSD-3-Clause,1385.6,1270.5,12.411,ok,,false,true,0,0,0.01,0.01,ok,,25182206,3542771302,0.0071,dense_matmul
matmul_relu,non-align-6,2049,2047,2050,torch.compile,torch.compile (Inductor) auto-fusion via PyTorch 2.6.0+cu124 | https://pytorch.org | License: BSD-3-Clause,1498.2,1372.0,11.478,ok,,false,true,0,0,0.01,0.01,ok,,25182206,3542771302,0.0071,dense_matmul
matmul_relu,non-align-7,513,2305,769,separate,PyTorch 2.6.0+cu124 separate ops (matmul + relu) | https://pytorch.org | License: BSD-3-Clause,209.8,212.0,8.669,ok,,false,true,0,0,0.01,0.01,ok,,6699014,3542771302,0.0019,dense_matmul
matmul_relu,non-align-7,513,2305,769,torch.compile,torch.compile (Inductor) auto-fusion via PyTorch 2.6.0+cu124 | https://pytorch.org | License: BSD-3-Clause,374.0,398.3,4.863,ok,,false,true,0,0,0.01,0.01,ok,,6699014,3542771302,0.0019,dense_matmul
matmul_relu,extreme-1row,1,1024,1024,separate,PyTorch 2.6.0+cu124 separate ops (matmul + relu) | https://pytorch.org | License: BSD-3-Clause,30.4,33.8,0.069,ok,,false,true,0,0,0.01,0.01,ok,,2101248,3542771302,0.0006,dense_matmul
matmul_relu,extreme-1row,1,1024,1024,torch.compile,torch.compile (Inductor) auto-fusion via PyTorch 2.6.0+cu124 | https://pytorch.org | License: BSD-3-Clause,139.8,153.7,0.015,ok,,false,true,0,0,0.01,0.01,ok,,2101248,3542771302,0.0006,dense_matmul
matmul_relu,extreme-16,16,4096,4096,separate,PyTorch 2.6.0+cu124 separate ops (matmul + relu) | https://pytorch.org | License: BSD-3-Clause,341.1,313.3,1.574,ok,,false,true,0,0,0.01,0.01,ok,,33816576,3542771302,0.0095,dense_matmul
matmul_relu,extreme-16,16,4096,4096,torch.compile,torch.compile (Inductor) auto-fusion via PyTorch 2.6.0+cu124 | https://pytorch.org | License: BSD-3-Clause,545.2,520.2,0.985,ok,,false,true,0,0,0.01,0.01,ok,,33816576,3542771302,0.0095,dense_matmul
matmul_relu,extreme-long,8192,64,4096,separate,PyTorch 2.6.0+cu124 separate ops (matmul + relu) | https://pytorch.org | License: BSD-3-Clause,403.4,368.6,10.647,ok,,false,true,0,0,0.01,0.01,ok,,68681728,3542771302,0.0194,dense_matmul
matmul_relu,extreme-long,8192,64,4096,torch.compile,torch.compile (Inductor) auto-fusion via PyTorch 2.6.0+cu124 | https://pytorch.org | License: BSD-3-Clause,916.8,877.6,4.684,ok,,false,true,0,0,0.01,0.01,ok,,68681728,3542771302,0.0194,dense_matmul
matmul_relu,tiny,128,128,128,FlagGems,FlagGems 5.0.0 ATen dispatch (matmul + relu) | https://github.com/flagos-ai/FlagGems | License: Apache-2.0,161.4,164.9,0.026,ok,,false,true,0,0,0.01,0.01,ok,,98304,3542771302,0.0000,dense_matmul
matmul_relu,square-1k,1024,1024,1024,FlagGems,FlagGems 5.0.0 ATen dispatch (matmul + relu) | https://github.com/flagos-ai/FlagGems | License: Apache-2.0,213.8,217.1,10.042,ok,,false,true,0,0,0.01,0.01,ok,,6291456,3542771302,0.0018,dense_matmul
matmul_relu,square-2k,2048,2048,2048,FlagGems,FlagGems 5.0.0 ATen dispatch (matmul + relu) | https://github.com/flagos-ai/FlagGems | License: Apache-2.0,1060.1,1002.5,16.205,ok,,false,true,0,0,0.01,0.01,ok,,25165824,3542771302,0.0071,dense_matmul
matmul_relu,square-4k,4096,4096,4096,FlagGems,FlagGems 5.0.0 ATen dispatch (matmul + relu) | https://github.com/flagos-ai/FlagGems | License: Apache-2.0,87392.0,84199.4,1.573,ok,,false,true,0,0,0.01,0.01,ok,,100663296,3542771302,0.0284,dense_matmul
matmul_relu,rect-wide,1024,4096,1024,FlagGems,FlagGems 5.0.0 ATen dispatch (matmul + relu) | https://github.com/flagos-ai/FlagGems | License: Apache-2.0,492.9,495.6,17.426,ok,,false,true,0,0,0.01,0.01,ok,,18874368,3542771302,0.0053,dense_matmul
matmul_relu,rect-tall,4096,1024,1024,FlagGems,FlagGems 5.0.0 ATen dispatch (matmul + relu) | https://github.com/flagos-ai/FlagGems | License: Apache-2.0,1549.7,1522.7,5.543,ok,,false,true,0,0,0.01,0.01,ok,,18874368,3542771302,0.0053,dense_matmul
matmul_relu,llama-q,4096,4096,4096,FlagGems,FlagGems 5.0.0 ATen dispatch (matmul + relu) | https://github.com/flagos-ai/FlagGems | License: Apache-2.0,125760.6,123046.9,1.093,ok,,false,true,0,0,0.01,0.01,ok,,100663296,3542771302,0.0284,dense_matmul
matmul_relu,llama-ffn,4096,11008,4096,FlagGems,FlagGems 5.0.0 ATen dispatch (matmul + relu) | https://github.com/flagos-ai/FlagGems | License: Apache-2.0,426880.4,403587.1,0.865,ok,,false,true,0,0,0.01,0.01,ok,,213909504,3542771302,0.0604,dense_matmul
matmul_relu,seq512,512,2304,768,FlagGems,FlagGems 5.0.0 ATen dispatch (matmul + relu) | https://github.com/flagos-ai/FlagGems | License: Apache-2.0,175.7,173.9,10.314,ok,,false,true,0,0,0.01,0.01,ok,,6684672,3542771302,0.0019,dense_matmul
matmul_relu,non-align-1,127,513,1000,FlagGems,FlagGems 5.0.0 ATen dispatch (matmul + relu) | https://github.com/flagos-ai/FlagGems | License: Apache-2.0,297.8,309.2,0.438,ok,,false,true,0,0,0.01,0.01,ok,,1410302,3542771302,0.0004,dense_matmul
matmul_relu,non-align-2,333,777,555,FlagGems,FlagGems 5.0.0 ATen dispatch (matmul + relu) | https://github.com/flagos-ai/FlagGems | License: Apache-2.0,181.7,165.7,1.581,ok,,false,true,0,0,0.01,0.01,ok,,1749582,3542771302,0.0005,dense_matmul
matmul_relu,non-align-3,1023,1025,1024,FlagGems,FlagGems 5.0.0 ATen dispatch (matmul + relu) | https://github.com/flagos-ai/FlagGems | License: Apache-2.0,216.5,225.3,9.921,ok,,false,true,0,0,0.01,0.01,ok,,6291454,3542771302,0.0018,dense_matmul
matmul_relu,non-align-4,1000,1000,1000,FlagGems,FlagGems 5.0.0 ATen dispatch (matmul + relu) | https://github.com/flagos-ai/FlagGems | License: Apache-2.0,3821.7,3472.4,0.523,ok,,false,true,0,0,0.01,0.01,ok,,6000000,3542771302,0.0017,dense_matmul
matmul_relu,non-align-5,384,640,1536,FlagGems,FlagGems 5.0.0 ATen dispatch (matmul + relu) | https://github.com/flagos-ai/FlagGems | License: Apache-2.0,183.8,43.0,4.107,ok,,false,true,0,0,0.01,0.01,ok,,3637248,3542771302,0.0010,dense_matmul
matmul_relu,non-align-6,2049,2047,2050,FlagGems,FlagGems 5.0.0 ATen dispatch (matmul + relu) | https://github.com/flagos-ai/FlagGems | License: Apache-2.0,3322.3,3265.5,5.176,ok,,false,true,0,0,0.01,0.01,ok,,25182206,3542771302,0.0071,dense_matmul
matmul_relu,non-align-7,513,2305,769,FlagGems,FlagGems 5.0.0 ATen dispatch (matmul + relu) | https://github.com/flagos-ai/FlagGems | License: Apache-2.0,924.4,892.7,1.967,ok,,false,true,0,0,0.01,0.01,ok,,6699014,3542771302,0.0019,dense_matmul
matmul_relu,extreme-1row,1,1024,1024,FlagGems,FlagGems 5.0.0 ATen dispatch (matmul + relu) | https://github.com/flagos-ai/FlagGems | License: Apache-2.0,162.0,165.9,0.013,ok,,false,true,0,0,0.01,0.01,ok,,2101248,3542771302,0.0006,dense_matmul
matmul_relu,extreme-16,16,4096,4096,FlagGems,FlagGems 5.0.0 ATen dispatch (matmul + relu) | https://github.com/flagos-ai/FlagGems | License: Apache-2.0,154.0,151.6,3.487,ok,,false,true,0,0,0.01,0.01,ok,,33816576,3542771302,0.0095,dense_matmul
matmul_relu,extreme-long,8192,64,4096,FlagGems,FlagGems 5.0.0 ATen dispatch (matmul + relu) | https://github.com/flagos-ai/FlagGems | License: Apache-2.0,392.6,369.7,10.939,ok,,false,true,0,0,0.01,0.01,ok,,68681728,3542771302,0.0194,dense_matmul
matmul_relu,gpt2-c_proj,128,768,768,separate,PyTorch 2.6.0+cu124 separate ops (matmul + relu) | https://pytorch.org | License: BSD-3-Clause,36.2,33.8,4.171,ok,,false,true,0,0,0.01,0.01,ok,,1572864,3542771302,0.0004,dense_matmul
matmul_relu,gpt2-c_proj,128,768,768,torch.compile,torch.compile (Inductor) auto-fusion via PyTorch 2.6.0+cu124 | https://pytorch.org | License: BSD-3-Clause,184.2,161.8,0.820,ok,,false,true,0,0,0.01,0.01,ok,,1572864,3542771302,0.0004,dense_matmul
matmul_relu,gpt2-c_attn,128,2304,768,separate,PyTorch 2.6.0+cu124 separate ops (matmul + relu) | https://pytorch.org | License: BSD-3-Clause,50.2,54.2,9.018,ok,,false,true,0,0,0.01,0.01,ok,,4325376,3542771302,0.0012,dense_matmul
matmul_relu,gpt2-c_attn,128,2304,768,torch.compile,torch.compile (Inductor) auto-fusion via PyTorch 2.6.0+cu124 | https://pytorch.org | License: BSD-3-Clause,200.7,158.7,2.257,ok,,false,true,0,0,0.01,0.01,ok,,4325376,3542771302,0.0012,dense_matmul
matmul_relu,lm-head-gpt2,128,50257,768,separate,PyTorch 2.6.0+cu124 separate ops (matmul + relu) | https://pytorch.org | License: BSD-3-Clause,1015.1,847.9,9.734,ok,,false,true,0,0,0.01,0.01,ok,,90257152,3542771302,0.0255,dense_matmul
matmul_relu,lm-head-gpt2,128,50257,768,torch.compile,torch.compile (Inductor) auto-fusion via PyTorch 2.6.0+cu124 | https://pytorch.org | License: BSD-3-Clause,1437.3,1360.9,6.875,ok,,false,true,0,0,0.01,0.01,ok,,90257152,3542771302,0.0255,dense_matmul
matmul_relu,ds-v2-attn,512,5120,5120,separate,PyTorch 2.6.0+cu124 separate ops (matmul + relu) | https://pytorch.org | License: BSD-3-Clause,1565.1,1531.9,17.152,ok,,false,true,0,0,0.01,0.01,ok,,62914560,3542771302,0.0178,dense_matmul
matmul_relu,ds-v2-attn,512,5120,5120,torch.compile,torch.compile (Inductor) auto-fusion via PyTorch 2.6.0+cu124 | https://pytorch.org | License: BSD-3-Clause,2092.5,1962.8,12.828,ok,,false,true,0,0,0.01,0.01,ok,,62914560,3542771302,0.0178,dense_matmul
matmul_relu,ds-v2-ffn-up,512,12288,5120,separate,PyTorch 2.6.0+cu124 separate ops (matmul + relu) | https://pytorch.org | License: BSD-3-Clause,3520.5,3391.5,18.300,ok,,false,true,0,0,0.01,0.01,ok,,143654912,3542771302,0.0405,dense_matmul
matmul_relu,ds-v2-ffn-up,512,12288,5120,torch.compile,torch.compile (Inductor) auto-fusion via PyTorch 2.6.0+cu124 | https://pytorch.org | License: BSD-3-Clause,4459.8,4260.9,14.446,ok,,false,true,0,0,0.01,0.01,ok,,143654912,3542771302,0.0405,dense_matmul
matmul_relu,ds-v2-ffn-down,512,5120,12288,separate,PyTorch 2.6.0+cu124 separate ops (matmul + relu) | https://pytorch.org | License: BSD-3-Clause,3664.5,3566.6,17.581,ok,,false,true,0,0,0.01,0.01,ok,,143654912,3542771302,0.0405,dense_matmul
matmul_relu,ds-v2-ffn-down,512,5120,12288,torch.compile,torch.compile (Inductor) auto-fusion via PyTorch 2.6.0+cu124 | https://pytorch.org | License: BSD-3-Clause,4751.1,4528.1,13.560,ok,,false,true,0,0,0.01,0.01,ok,,143654912,3542771302,0.0405,dense_matmul
matmul_relu,ds-v2-lmhead,512,102400,5120,separate,PyTorch 2.6.0+cu124 separate ops (matmul + relu) | https://pytorch.org | License: BSD-3-Clause,29491.3,28533.8,18.204,ok,,false,true,0,0,0.01,0.01,ok,,1158676480,3542771302,0.3271,dense_matmul
matmul_relu,ds-v2-lmhead,512,102400,5120,torch.compile,torch.compile (Inductor) auto-fusion via PyTorch 2.6.0+cu124 | https://pytorch.org | License: BSD-3-Clause,36774.4,36291.6,14.599,ok,,false,true,0,0,0.01,0.01,ok,,1158676480,3542771302,0.3271,dense_matmul
matmul_relu,ds-v3-attn,1024,7168,7168,separate,PyTorch 2.6.0+cu124 separate ops (matmul + relu) | https://pytorch.org | License: BSD-3-Clause,9332.1,8580.8,11.276,ok,,false,true,0,0,0.01,0.01,ok,,132120576,3542771302,0.0373,dense_matmul
matmul_relu,ds-v3-attn,1024,7168,7168,torch.compile,torch.compile (Inductor) auto-fusion via PyTorch 2.6.0+cu124 | https://pytorch.org | License: BSD-3-Clause,6101.3,5911.6,17.247,ok,,false,true,0,0,0.01,0.01,ok,,132120576,3542771302,0.0373,dense_matmul
matmul_relu,ds-v3-ffn-up,1024,18432,7168,separate,PyTorch 2.6.0+cu124 separate ops (matmul + relu) | https://pytorch.org | License: BSD-3-Clause,13042.7,12776.4,20.746,ok,,false,true,0,0,0.01,0.01,ok,,316669952,3542771302,0.0894,dense_matmul
matmul_relu,ds-v3-ffn-up,1024,18432,7168,torch.compile,torch.compile (Inductor) auto-fusion via PyTorch 2.6.0+cu124 | https://pytorch.org | License: BSD-3-Clause,14970.8,14736.4,18.074,ok,,false,true,0,0,0.01,0.01,ok,,316669952,3542771302,0.0894,dense_matmul
matmul_relu,ds-v3-lmhead,512,129280,7168,separate,PyTorch 2.6.0+cu124 separate ops (matmul + relu) | https://pytorch.org | License: BSD-3-Clause,50828.0,50107.1,18.669,ok,,false,true,0,0,0.01,0.01,ok,,1993080832,3542771302,0.5626,dense_matmul
matmul_relu,ds-v3-lmhead,512,129280,7168,torch.compile,torch.compile (Inductor) auto-fusion via PyTorch 2.6.0+cu124 | https://pytorch.org | License: BSD-3-Clause,1137922.6,1080784.9,0.834,ok,,false,true,0,0,0.01,0.01,ok,,1993080832,3542771302,0.5626,dense_matmul
matmul_relu,qwen25-attn,512,3584,3584,separate,PyTorch 2.6.0+cu124 separate ops (matmul + relu) | https://pytorch.org | License: BSD-3-Clause,10471.4,10124.3,1.256,ok,,false,true,0,0,0.01,0.01,ok,,33030144,3542771302,0.0093,dense_matmul
matmul_relu,qwen25-attn,512,3584,3584,torch.compile,torch.compile (Inductor) auto-fusion via PyTorch 2.6.0+cu124 | https://pytorch.org | License: BSD-3-Clause,4737.5,1380.4,2.776,ok,,false,true,0,0,0.01,0.01,ok,,33030144,3542771302,0.0093,dense_matmul
matmul_relu,qwen25-ffn-up,512,18944,3584,separate,PyTorch 2.6.0+cu124 separate ops (matmul + relu) | https://pytorch.org | License: BSD-3-Clause,3835.1,3694.6,18.128,ok,,false,true,0,0,0.01,0.01,ok,,158859264,3542771302,0.0448,dense_matmul
matmul_relu,qwen25-ffn-up,512,18944,3584,torch.compile,torch.compile (Inductor) auto-fusion via PyTorch 2.6.0+cu124 | https://pytorch.org | License: BSD-3-Clause,4849.2,4738.8,14.337,ok,,false,true,0,0,0.01,0.01,ok,,158859264,3542771302,0.0448,dense_matmul
matmul_relu,qwen25-lmhead,512,151936,3584,separate,PyTorch 2.6.0+cu124 separate ops (matmul + relu) | https://pytorch.org | License: BSD-3-Clause,30425.5,29936.4,18.327,ok,,false,true,0,0,0.01,0.01,ok,,1248329728,3542771302,0.3524,dense_matmul
matmul_relu,qwen25-lmhead,512,151936,3584,torch.compile,torch.compile (Inductor) auto-fusion via PyTorch 2.6.0+cu124 | https://pytorch.org | License: BSD-3-Clause,38142.8,37603.3,14.619,ok,,false,true,0,0,0.01,0.01,ok,,1248329728,3542771302,0.3524,dense_matmul
matmul_relu,ds-v2-long-8k,8192,5120,5120,separate,PyTorch 2.6.0+cu124 separate ops (matmul + relu) | https://pytorch.org | License: BSD-3-Clause,19159.1,18834.4,22.417,ok,,false,true,0,0,0.01,0.01,ok,,220200960,3542771302,0.0622,dense_matmul
matmul_relu,ds-v2-long-8k,8192,5120,5120,torch.compile,torch.compile (Inductor) auto-fusion via PyTorch 2.6.0+cu124 | https://pytorch.org | License: BSD-3-Clause,20063.7,19910.6,21.407,ok,,false,true,0,0,0.01,0.01,ok,,220200960,3542771302,0.0622,dense_matmul
matmul_relu,ds-v3-long-32k,32768,7168,7168,separate,PyTorch 2.6.0+cu124 separate ops (matmul + relu) | https://pytorch.org | License: BSD-3-Clause,232036.8,226739.9,14.512,ok,,false,true,0,0,0.01,0.01,ok,,1042284544,3542771302,0.2942,dense_matmul
matmul_relu,ds-v3-long-32k,32768,7168,7168,torch.compile,torch.compile (Inductor) auto-fusion via PyTorch 2.6.0+cu124 | https://pytorch.org | License: BSD-3-Clause,152696.2,149862.4,22.052,ok,,false,true,0,0,0.01,0.01,ok,,1042284544,3542771302,0.2942,dense_matmul
matmul_relu,gpt2-c_proj,128,768,768,FlagGems,FlagGems 5.0.0 ATen dispatch (matmul + relu) | https://github.com/flagos-ai/FlagGems | License: Apache-2.0,155.7,154.5,0.970,ok,,false,true,0,0,0.01,0.01,ok,,1572864,3542771302,0.0004,dense_matmul
matmul_relu,gpt2-c_attn,128,2304,768,FlagGems,FlagGems 5.0.0 ATen dispatch (matmul + relu) | https://github.com/flagos-ai/FlagGems | License: Apache-2.0,145.3,118.8,3.118,ok,,false,true,0,0,0.01,0.01,ok,,4325376,3542771302,0.0012,dense_matmul
matmul_relu,lm-head-gpt2,128,50257,768,FlagGems,FlagGems 5.0.0 ATen dispatch (matmul + relu) | https://github.com/flagos-ai/FlagGems | License: Apache-2.0,965.6,927.6,10.233,ok,,false,true,0,0,0.01,0.01,ok,,90257152,3542771302,0.0255,dense_matmul
matmul_relu,ds-v2-attn,512,5120,5120,FlagGems,FlagGems 5.0.0 ATen dispatch (matmul + relu) | https://github.com/flagos-ai/FlagGems | License: Apache-2.0,1617.4,1450.9,16.597,ok,,false,true,0,0,0.01,0.01,ok,,62914560,3542771302,0.0178,dense_matmul
matmul_relu,ds-v2-ffn-up,512,12288,5120,FlagGems,FlagGems 5.0.0 ATen dispatch (matmul + relu) | https://github.com/flagos-ai/FlagGems | License: Apache-2.0,34540.3,33346.5,1.865,ok,,false,true,0,0,0.01,0.01,ok,,143654912,3542771302,0.0405,dense_matmul
matmul_relu,ds-v2-ffn-down,512,5120,12288,FlagGems,FlagGems 5.0.0 ATen dispatch (matmul + relu) | https://github.com/flagos-ai/FlagGems | License: Apache-2.0,34871.1,33344.5,1.848,ok,,false,true,0,0,0.01,0.01,ok,,143654912,3542771302,0.0405,dense_matmul
matmul_relu,ds-v2-lmhead,512,102400,5120,FlagGems,FlagGems 5.0.0 ATen dispatch (matmul + relu) | https://github.com/flagos-ai/FlagGems | License: Apache-2.0,230831.7,228462.6,2.326,ok,,false,true,0,0,0.01,0.01,ok,,1158676480,3542771302,0.3271,dense_matmul
matmul_relu,ds-v3-attn,1024,7168,7168,FlagGems,FlagGems 5.0.0 ATen dispatch (matmul + relu) | https://github.com/flagos-ai/FlagGems | License: Apache-2.0,103842.1,101887.0,1.013,ok,,false,true,0,0,0.01,0.01,ok,,132120576,3542771302,0.0373,dense_matmul
matmul_relu,ds-v3-ffn-up,1024,18432,7168,FlagGems,FlagGems 5.0.0 ATen dispatch (matmul + relu) | https://github.com/flagos-ai/FlagGems | License: Apache-2.0,16773.9,16228.4,16.131,ok,,false,true,0,0,0.01,0.01,ok,,316669952,3542771302,0.0894,dense_matmul
matmul_relu,ds-v3-lmhead,512,129280,7168,FlagGems,FlagGems 5.0.0 ATen dispatch (matmul + relu) | https://github.com/flagos-ai/FlagGems | License: Apache-2.0,827168.1,811411.4,1.147,ok,,false,true,0,0,0.01,0.01,ok,,1993080832,3542771302,0.5626,dense_matmul
matmul_relu,qwen25-attn,512,3584,3584,FlagGems,FlagGems 5.0.0 ATen dispatch (matmul + relu) | https://github.com/flagos-ai/FlagGems | License: Apache-2.0,636.5,612.2,20.664,ok,,false,true,0,0,0.01,0.01,ok,,33030144,3542771302,0.0093,dense_matmul
matmul_relu,qwen25-ffn-up,512,18944,3584,FlagGems,FlagGems 5.0.0 ATen dispatch (matmul + relu) | https://github.com/flagos-ai/FlagGems | License: Apache-2.0,63964.7,63396.9,1.087,ok,,false,true,0,0,0.01,0.01,ok,,158859264,3542771302,0.0448,dense_matmul
matmul_relu,qwen25-lmhead,512,151936,3584,FlagGems,FlagGems 5.0.0 ATen dispatch (matmul + relu) | https://github.com/flagos-ai/FlagGems | License: Apache-2.0,466271.9,463169.5,1.196,ok,,false,true,0,0,0.01,0.01,ok,,1248329728,3542771302,0.3524,dense_matmul
matmul_relu,ds-v2-long-8k,8192,5120,5120,FlagGems,FlagGems 5.0.0 ATen dispatch (matmul + relu) | https://github.com/flagos-ai/FlagGems | License: Apache-2.0,292885.3,290701.3,1.466,ok,,false,true,0,0,0.01,0.01,ok,,220200960,3542771302,0.0622,dense_matmul
matmul_relu,ds-v3-long-32k,32768,7168,7168,FlagGems,FlagGems 5.0.0 ATen dispatch (matmul + relu) | https://github.com/flagos-ai/FlagGems | License: Apache-2.0,1731543.1,1725820.9,1.945,ok,,false,true,0,0,0.01,0.01,ok,,1042284544,3542771302,0.2942,dense_matmul
